warehouse_name,mean_stock,over_threshold,under_threshold,overstock_count,understock_count,overstock_excess,stocks to order
Bawana Main,1047.4683994528043,1082.4683994528043,987.4683994528043,0,10,0.0,147.44976311967537
Okhla Depot,746.1347469220246,781.1347469220246,686.1347469220246,0,10,0.0,166.09918788814616
Narela Hub,1347.8217510259917,1382.8217510259917,1287.8217510259917,22,7,174.88356586062287,25.121814751876855
Patparganj Yard,897.1822845417237,932.1822845417237,837.1822845417237,16,9,59.33587380229608,48.995346715998835
Mayapuri Store,668.574829001368,703.574829001368,608.574829001368,0,10,0.0,320.0198433867913
Kirti Nagar Hub,972.4792749658003,1007.4792749658003,912.4792749658003,0,10,0.0,157.7289819408811
Sarai Kale Khan Depot,1023.0164842681259,1058.0164842681259,963.0164842681259,7,10,32.840822109739975,101.95832139083518
