warehouse_name,mean_stock,over_threshold,under_threshold,overstock_count,understock_count,stocks to order
Bawana Main,1047.4683994528043,1082.4683994528043,987.4683994528043,0,10,143.03541247352393
Okhla Depot,746.1347469220246,781.1347469220246,686.1347469220246,0,10,165.85846450497752
Narela Hub,1347.8217510259917,1382.8217510259917,1287.8217510259917,23,7,19.654254767380962
Patparganj Yard,897.1822845417237,932.1822845417237,837.1822845417237,16,9,49.786261949218556
Mayapuri Store,668.574829001368,703.574829001368,608.574829001368,0,10,319.7669022134734
Kirti Nagar Hub,972.4792749658003,1007.4792749658003,912.4792749658003,0,10,158.07215022793332
Sarai Kale Khan Depot,1023.0164842681259,1058.0164842681259,963.0164842681259,7,10,103.34228407369665
